Datetime,Water Level (m)
2025-04-07 18:00:00,0.15850656
2025-04-07 19:00:00,0.2960093
2025-04-07 20:00:00,0.39499658
2025-04-07 21:00:00,0.41467142
2025-04-07 22:00:00,0.35984287
2025-04-07 23:00:00,0.22443745
2025-04-08 00:00:00,0.05541999
2025-04-08 01:00:00,-0.03686858
2025-04-08 02:00:00,-0.09188847
2025-04-08 03:00:00,-0.13340063
2025-04-08 04:00:00,-0.17779344
2025-04-08 05:00:00,-0.21103212
2025-04-08 06:00:00,-0.1561937
2025-04-08 07:00:00,0.058149103
2025-04-08 08:00:00,0.24889414
2025-04-08 09:00:00,0.38180348
2025-04-08 10:00:00,0.42448494
2025-04-08 11:00:00,0.3539343
2025-04-08 12:00:00,0.18416506
2025-04-08 13:00:00,0.039913148
2025-04-08 14:00:00,-0.06499335
2025-04-08 15:00:00,-0.117194846
2025-04-08 16:00:00,-0.14698927
2025-04-08 17:00:00,-0.16427495
2025-04-08 18:00:00,-0.062495418
2025-04-08 19:00:00,0.16106212
2025-04-08 20:00:00,0.35399058
2025-04-08 21:00:00,0.492555
2025-04-08 22:00:00,0.5434872
2025-04-08 23:00:00,0.48297474
2025-04-09 00:00:00,0.30832642
2025-04-09 01:00:00,0.12828103
2025-04-09 02:00:00,0.008744368
2025-04-09 03:00:00,-0.054507937
2025-04-09 04:00:00,-0.0938402
2025-04-09 05:00:00,-0.14079867
2025-04-09 06:00:00,-0.16984725
2025-04-09 07:00:00,-0.06272803
2025-04-09 08:00:00,0.16822639
2025-04-09 09:00:00,0.36036026
2025-04-09 10:00:00,0.48500395
2025-04-09 11:00:00,0.5116166
2025-04-09 12:00:00,0.41008744
2025-04-09 13:00:00,0.22313648
2025-04-09 14:00:00,0.084821515
2025-04-09 15:00:00,-0.016390653
2025-04-09 16:00:00,-0.06809155
2025-04-09 17:00:00,-0.10479304
2025-04-09 18:00:00,-0.11227028
2025-04-09 19:00:00,0.05304351
2025-04-09 20:00:00,0.288102
2025-04-09 21:00:00,0.47864962
2025-04-09 22:00:00,0.59566146
2025-04-09 23:00:00,0.616513
2025-04-10 00:00:00,0.5068898
2025-04-10 01:00:00,0.3095764
2025-04-10 02:00:00,0.14477554
2025-04-10 03:00:00,0.041470125
2025-04-10 04:00:00,-0.012642113
2025-04-10 05:00:00,-0.059679106
2025-04-10 06:00:00,-0.106563136
2025-04-10 07:00:00,-0.080435455
2025-04-10 08:00:00,0.17648819
2025-04-10 09:00:00,0.399101
2025-04-10 10:00:00,0.5681702
2025-04-10 11:00:00,0.64612997
2025-04-10 12:00:00,0.61158395
2025-04-10 13:00:00,0.44765905
2025-04-10 14:00:00,0.24361649
2025-04-10 15:00:00,0.108231686
2025-04-10 16:00:00,0.0364796
2025-04-10 17:00:00,-0.008588687
2025-04-10 18:00:00,-0.049900234
2025-04-10 19:00:00,-0.01409751
2025-04-10 20:00:00,0.24889305
2025-04-10 21:00:00,0.4757592
2025-04-10 22:00:00,0.65131354
2025-04-10 23:00:00,0.7335186
2025-04-11 00:00:00,0.6962274
2025-04-11 01:00:00,0.5210552
2025-04-11 02:00:00,0.314953
2025-04-11 03:00:00,0.1669704
2025-04-11 04:00:00,0.08523883
2025-04-11 05:00:00,0.03779944
2025-04-11 06:00:00,-0.013956538
2025-04-11 07:00:00,-0.039439965
2025-04-11 08:00:00,0.15931144
2025-04-11 09:00:00,0.42481554
2025-04-11 10:00:00,0.61995417
2025-04-11 11:00:00,0.7468863
2025-04-11 12:00:00,0.7716953
2025-04-11 13:00:00,0.6291757
2025-04-11 14:00:00,0.41713697
2025-04-11 15:00:00,0.24070774
2025-04-11 16:00:00,0.1328532
2025-04-11 17:00:00,0.081637405
2025-04-11 18:00:00,0.03160182
2025-04-11 19:00:00,-0.00694825
2025-04-11 20:00:00,0.14235274
2025-04-11 21:00:00,0.43158445
2025-04-11 22:00:00,0.6398045
2025-04-11 23:00:00,0.7667623
2025-04-12 00:00:00,0.7910512
2025-04-12 01:00:00,0.6655033
2025-04-12 02:00:00,0.45619804
2025-04-12 03:00:00,0.276989
2025-04-12 04:00:00,0.15761559
2025-04-12 05:00:00,0.102047555
2025-04-12 06:00:00,0.048824176
2025-04-12 07:00:00,-0.0008525677
2025-04-12 08:00:00,0.07019778
2025-04-12 09:00:00,0.38426805
2025-04-12 10:00:00,0.6024081
2025-04-12 11:00:00,0.7666772
2025-04-12 12:00:00,0.83695334
2025-04-12 13:00:00,0.7776306
2025-04-12 14:00:00,0.5775131
2025-04-12 15:00:00,0.35667765
2025-04-12 16:00:00,0.23159976
2025-04-12 17:00:00,0.16474766
2025-04-12 18:00:00,0.10907786
2025-04-12 19:00:00,0.048046496
2025-04-12 20:00:00,0.045664053
2025-04-12 21:00:00,0.31530532
2025-04-12 22:00:00,0.5614997
2025-04-12 23:00:00,0.7478632
2025-04-13 00:00:00,0.8274309
2025-04-13 01:00:00,0.76491404
2025-04-13 02:00:00,0.5612965
2025-04-13 03:00:00,0.36507675
2025-04-13 04:00:00,0.22167866
2025-04-13 05:00:00,0.13773207
2025-04-13 06:00:00,0.085034594
2025-04-13 07:00:00,0.027835665
2025-04-13 08:00:00,0.0051133176
2025-04-13 09:00:00,0.25865546
2025-04-13 10:00:00,0.5228824
2025-04-13 11:00:00,0.7292835
2025-04-13 12:00:00,0.8430657
2025-04-13 13:00:00,0.839417
2025-04-13 14:00:00,0.68800044
2025-04-13 15:00:00,0.47178617
2025-04-13 16:00:00,0.2970376
2025-04-13 17:00:00,0.19594422
2025-04-13 18:00:00,0.14313751
